Shelf_ID;RIN;IP;Slot_ID;Slot_Name;Slot_Main_Mode;Slot_State;Slot_Alarm;Slot_Prop_Alarm;Port_ID;Port_Main_Mode;Port_State;Port_Alarm;Port_User_Label;Port_Service_Label;Port_Description;OperationalStatus;NearEnd_CurrentAttenuation;NearEnd_CurrentMargin;NearEnd_CurrentPowerBackOff;FarEnd_CurrentAttenuation;FarEnd_CurrentMargin;FarEnd_CurrentPowerBackOff
SOC-A01-0 ;166;10.211.225.165;unit-16;STIM1 R1B;stim1_r4d07;Ok;Cleared;Cleared;logport-1;port-1;"";Cleared;CENTER PECAS FABBRI LTDA;SOC-3013QFACL;VPN MPLS;Up;3;24;4;2;21;0
SOC-A01-0 ;166;10.211.225.165;unit-16;STIM1 R1B;stim1_r4d07;Ok;Cleared;Cleared;logport-3;port-3;"";Cleared;"";"";"";Up;4;24;4;4;21;5
SOC-A01-0 ;166;10.211.225.165;unit-16;STIM1 R1B;stim1_r4d07;Ok;Cleared;Cleared;logport-4;port-4;"";Cleared;CENTER PECAS FABBRI LTDA;SOC-3013QFACL;VPN 1024;Up;17;18;0;18;10;0
SOC-A01-0 ;166;10.211.225.165;unit-16;STIM1 R1B;stim1_r4d07;Ok;Cleared;Cleared;logport-5;port-5;"";Cleared;Cliente:SERVICOS_DE_OBRAS;Designador: SOC-301-032;"";Up;14;20;0;14;20;1
SOC-A01-0 ;166;10.211.225.165;unit-16;STIM1 R1B;stim1_r4d07;Ok;Cleared;Cleared;logport-6;port-6;"";Cleared;"";"";"";Up;14;20;0;14;20;0
SOC-A01-0 ;166;10.211.225.165;unit-16;STIM1 R1B;stim1_r4d07;Ok;Cleared;Cleared;logport-8;port-8;"";Cleared;AREA ELETRICA;SOC-3017E3L6G-032;OS: 12583558;Up;3;23;4;4;20;5
SOC-A01-0 ;166;10.211.225.165;unit-18;STIM1 R1C;stim1_r4d07;Ok;Cleared;Major;logport-1;port-1;"";Cleared;"";"";"";Down;128;127;255;128;127;255
SOC-A01-0 ;166;10.211.225.165;unit-18;STIM1 R1C;stim1_r4d07;Ok;Cleared;Major;logport-2;port-2;"";Cleared;"";"";"";Down;128;127;255;128;127;255
SOC-A01-0 ;166;10.211.225.165;unit-18;STIM1 R1C;stim1_r4d07;Ok;Cleared;Major;logport-4;port-4;"";Cleared;Cliente:VALID SOLUCOES;Designador:SOC-301A7VPHB;"";Down;128;127;255;128;127;255
SOC-A01-0 ;166;10.211.225.165;unit-18;STIM1 R1C;stim1_r4d07;Ok;Cleared;Major;logport-5;port-5;"";Cleared;"";"";"";Down;128;127;255;128;127;255
SOC-A01-0 ;166;10.211.225.165;unit-18;STIM1 R1C;stim1_r4d07;Ok;Cleared;Major;logport-7;port-7;"";Cleared;Cliente:SORENGE INSTALA??O E;Designador:SOC-301FBCSX8-032;"";Up;10;22;1;10;20;3
SOC-A01-0 ;166;10.211.225.165;unit-18;STIM1 R1C;stim1_r4d07;Ok;Cleared;Major;logport-8;port-8;"";Major;Cliente:CONECTA COMERCIO IN;Designador:SOC-301EEZQK7;"";Down;128;127;255;128;127;255
SOC-A01-0 ;166;10.211.225.165;unit-21;STIM1 R1A;stim1_r4d07;Ok;Cleared;Major;logport-1;port-1;"";Cleared;CENTER PE?AS FABBRI LTDA;9874308;SOC-30RSOBGX-032;Up;20;13;0;20;6;0
SOC-A01-0 ;166;10.211.225.165;unit-21;STIM1 R1A;stim1_r4d07;Ok;Cleared;Major;logport-2;port-2;"";Cleared;CENTER PE?AS FABBRI LTDA;9865008;SOC-30RR19MB-03;Up;3;21;4;4;20;0
SOC-A01-0 ;166;10.211.225.165;unit-21;STIM1 R1A;stim1_r4d07;Ok;Cleared;Major;logport-3;port-3;"";Cleared;MRV DO BRASIL IMPORTADORA LTDA;WO:10066676;SOC-30STKZHN-032;Up;9;22;2;8;21;3
SOC-A01-0 ;166;10.211.225.165;unit-21;STIM1 R1A;stim1_r4d07;Ok;Cleared;Major;logport-4;port-4;"";Major;Cliente: SOMOTOR RETIFICA;Designador: SOC-30WJ74VH-032;"";Down;128;127;255;128;127;255
SOC-A01-0 ;166;10.211.225.165;unit-21;STIM1 R1A;stim1_r4d07;Ok;Cleared;Major;logport-5;port-5;"";Major;Cliente: SOMOTOR RETIFICA;Designador: SOC-30W474UF;"";Down;128;127;255;128;127;255
SOC-A01-0 ;166;10.211.225.165;unit-21;STIM1 R1A;stim1_r4d07;Ok;Cleared;Major;logport-6;port-6;"";Cleared;cliente:ANHANGUERA EDUCACIONAL;designador: SOC-30ZXJSNH-032;"";Up;8;20;2;8;20;3
SOC-A01-0 ;166;10.211.225.165;unit-21;STIM1 R1A;stim1_r4d07;Ok;Cleared;Major;logport-7;port-7;"";Major;Cliente: JOAO RODRIGUES;Designador: SOC-3012915EZ;"";Down;128;127;255;128;127;255
SOC-A01-0 ;166;10.211.225.165;unit-21;STIM1 R1A;stim1_r4d07;Ok;Cleared;Major;logport-8;port-8;"";Cleared;Cliente: JOAO_RODRIGUES_DE_AN;Designador: SOC-3012915G2-032;"";Up;11;19;0;12;20;2
SOC-A02-0 ;162;10.211.225.161;unit-21;STIM1 R1A;stim1_r4d07;Ok;Cleared;Cleared;logport-2;port-2;"";Cleared;"";"";ESPACO DA CONSTRUCAO - SOLUCOES TECNICAS LTDA - EPP;Up;8;22;2;8;21;3
SOC-A02-0 ;162;10.211.225.161;unit-21;STIM1 R1A;stim1_r4d07;Ok;Cleared;Cleared;logport-3;port-3;"";Cleared;BRASFORTE COMERCIO DE ESTOFADOS LTDA;SOC-3019M0U72;"";Up;11;20;0;10;20;2
SOC-A02-0 ;162;10.211.225.161;unit-21;STIM1 R1A;stim1_r4d07;Ok;Cleared;Cleared;logport-4;port-4;"";Cleared;BRASFORTE COMERCIO DE ESTOFADOS LTDA;SOC-3019M0U89-032;"";Up;11;19;0;10;20;2
SOC-A02-0 ;162;10.211.225.161;unit-21;STIM1 R1A;stim1_r4d07;Ok;Cleared;Cleared;logport-6;port-6;"";Cleared;"";"";"";Up;5;21;4;4;21;5
SOC-A02-0 ;162;10.211.225.161;unit-21;STIM1 R1A;stim1_r4d07;Ok;Cleared;Cleared;logport-7;port-7;"";Cleared;Cliente:RCL COMERCIAL LTDA;Designador:SOC-301E1HCGA-032;"";Up;6;21;3;6;20;4
SOC-A02-0 ;162;10.211.225.161;unit-21;STIM1 R1A;stim1_r4d07;Ok;Cleared;Cleared;logport-8;port-8;"";Cleared;"";"";"";Up;5;21;4;4;21;5
SOC-A03-0 ;154;10.211.225.153;unit-21;STIM1 R1A;stim1_r4d07;Ok;Cleared;Major;logport-2;port-2;"";Cleared;Cliente: PALUSA_DISTRIBUIDORA;Designador: SOC-30XU3IJ7;"";Up;11;20;0;12;20;2
SOC-A03-0 ;154;10.211.225.153;unit-21;STIM1 R1A;stim1_r4d07;Ok;Cleared;Major;logport-3;port-3;"";Cleared;Cliente: PALUSA_DISTRIBUIDORA;Designador: SOC-30XU3IHB-032;"";Up;12;21;0;12;20;2
SOC-A03-0 ;154;10.211.225.153;unit-21;STIM1 R1A;stim1_r4d07;Ok;Cleared;Major;logport-4;port-4;"";Major;CLI_CENTERLAR_COMERCIO;JAI-301JT92OC;"";Down;128;127;255;128;127;255
SOC-A03-0 ;154;10.211.225.153;unit-21;STIM1 R1A;stim1_r4d07;Ok;Cleared;Major;logport-6;port-6;"";Cleared;Cliente:CENTRO CLINICO INTEL;Designador:SOC-301DU4HHX-032;"";Up;2;21;5;2;21;6
SOC-A04-0 ;150;10.211.225.149;unit-21;STIM1 R1B;stim1_r4d07;Ok;Cleared;Cleared;logport-2;port-2;"";Cleared;Cliente: VETERINARIO_ASSOCIAD;Designador: SOC-3015VT9S7-032;"";Up;3;23;4;4;21;5
SOC-A04-0 ;150;10.211.225.149;unit-21;STIM1 R1B;stim1_r4d07;Ok;Cleared;Cleared;logport-3;port-3;"";Cleared;Cliente:CSA INDUSTRIA;Designador:SOC-3018K00NF-032;"";Down;128;127;255;128;127;255
SOC-A04-0 ;150;10.211.225.149;unit-21;STIM1 R1B;stim1_r4d07;Ok;Cleared;Cleared;logport-4;port-4;"";Cleared;Cliente:CASA DO MENOR DE;Designador:SOC-301CHJCZB-032;"";Up;5;23;3;6;21;5
SOC-A04-0 ;150;10.211.225.149;unit-21;STIM1 R1B;stim1_r4d07;Ok;Cleared;Cleared;logport-5;port-5;"";Cleared;Cliente:GERRADO COMERCIO;Designador:SOC-301D8YAU9-032;"";Up;6;22;3;6;20;4
SOC-A04-0 ;150;10.211.225.149;unit-21;STIM1 R1B;stim1_r4d07;Ok;Cleared;Cleared;logport-6;port-6;"";Cleared;Cliente:OMEGA VEICULOS;Designador:SOC-301EXALDZ-032;"";Up;5;24;3;6;21;5
SOC-A04-0 ;150;10.211.225.149;unit-21;STIM1 R1B;stim1_r4d07;Ok;Cleared;Cleared;logport-7;port-7;"";Cleared;Cliente:AE PATRIMONIO CONSUL;Designador:SOC-301HL5EPJ-032;"";Up;6;24;3;6;21;4
SOC-A04-0 ;150;10.211.225.149;unit-21;STIM1 R1B;stim1_r4d07;Ok;Cleared;Cleared;logport-8;port-8;"";Cleared;MOTO FORTY;SOC-301IVCY7J;"";Up;5;22;4;4;21;5
SOC-A05-0 ;146;10.211.225.145;unit-21;STIM1 R1A;stim1_r4d07;Ok;Cleared;Major;logport-2;port-2;"";Cleared;Cliente: MUCEI E NEGRAO ADVOC;Designador: SOC-30100LRB1-032;"";Up;4;22;3;4;18;0
SOC-A05-0 ;146;10.211.225.145;unit-21;STIM1 R1A;stim1_r4d07;Ok;Cleared;Major;logport-3;port-3;"";Cleared;Cliente:GC SOROCABA COMERCIA;Designador:SOC-301IJEO8N-032;"";Up;7;22;2;8;20;3
SOC-A05-0 ;146;10.211.225.145;unit-21;STIM1 R1A;stim1_r4d07;Ok;Cleared;Major;logport-4;port-4;"";Cleared;Cliente:SISTEMA MERIDIONAL D;Designador:SOC-30197Y4U7-032;"";Up;9;22;1;10;21;3
SOC-A05-0 ;146;10.211.225.145;unit-21;STIM1 R1A;stim1_r4d07;Ok;Cleared;Major;logport-5;port-5;"";Cleared;Cliente:ATONS DO BRASIL DIST;Designador:SOC-301EWCDM5-032;"";Up;6;22;3;6;21;4
SOC-A05-0 ;146;10.211.225.145;unit-21;STIM1 R1A;stim1_r4d07;Ok;Cleared;Major;logport-6;port-6;"";Cleared;"";"";"";Down;128;127;255;128;127;255
SOC-A05-0 ;146;10.211.225.145;unit-21;STIM1 R1A;stim1_r4d07;Ok;Cleared;Major;logport-7;port-7;"";Cleared;Cliente:RCL COMERCIAL LTDA;Designador:SOC-301HMITKF-032;"";Up;5;21;3;6;21;5
SOC-A06-99 ;170;10.211.225.169;unit-17;STIM1 R1C;stim1_r4d07;Ok;Cleared;Major;logport-1;port-1;"";Major;FADIGA E MARDULA;WO-10693364;SOC-30WCVVWJ-032;Down;128;127;255;128;127;255
SOC-A06-99 ;170;10.211.225.169;unit-17;STIM1 R1C;stim1_r4d07;Ok;Cleared;Major;logport-2;port-2;"";Cleared;cliente: SOFT INFORM?TICA;SOC-30WQWTRB-032;"";Up;10;22;1;10;20;2
SOC-A06-99 ;170;10.211.225.169;unit-17;STIM1 R1C;stim1_r4d07;Ok;Cleared;Major;logport-3;port-3;"";Cleared;centro de expans?o;soc-30wzdko3-032;"";Up;5;23;3;6;21;4
SOC-A06-99 ;170;10.211.225.169;unit-17;STIM1 R1C;stim1_r4d07;Ok;Cleared;Major;logport-4;port-4;"";Major;Cliente: INOVA_SOLUTION;Designador: SOC-3013ZPSVM-032;"";Down;128;127;255;128;127;255
SOC-A06-99 ;170;10.211.225.169;unit-17;STIM1 R1C;stim1_r4d07;Ok;Cleared;Major;logport-5;port-5;"";Cleared;INFORBYTE COMERCIO;WO:11442373;SOC-3010LVK7R;Up;9;24;1;8;20;3
SOC-A06-99 ;170;10.211.225.169;unit-17;STIM1 R1C;stim1_r4d07;Ok;Cleared;Major;logport-6;port-6;"";Cleared;INFORBYTE COMERCIO;WO-11420973;SOC-3010LVK8U-032;Up;9;23;1;8;20;3
SOC-A06-99 ;170;10.211.225.169;unit-17;STIM1 R1C;stim1_r4d07;Ok;Cleared;Major;logport-7;port-7;"";Cleared;Cliente: BOZELLI MEDICINA;Designador: SOC-3011M4PBN-032;"";Up;12;22;0;12;21;1
SOC-A06-99 ;170;10.211.225.169;unit-17;STIM1 R1C;stim1_r4d07;Ok;Cleared;Major;logport-8;port-8;"";Cleared;Cliente: BOLINA_ENGENHARIA;Designador: SOC-30142QCHF-032;"";Up;10;22;1;10;20;2
SOC-A06-99 ;170;10.211.225.169;unit-21;STIM1 R1B;stim1_r4d07;Ok;Cleared;Major;logport-1;port-1;"";Cleared;Cliente:TOOL ENGENHARIA E CO;Designador:SOC-301IVYO8B-032;"";Up;9;24;1;8;20;3
SOC-A06-99 ;170;10.211.225.169;unit-21;STIM1 R1B;stim1_r4d07;Ok;Cleared;Major;logport-2;port-2;"";Major;Tertecman VOX;SOC-301BWYTSP-032;"";Down;128;127;255;128;127;255
SOC-A06-99 ;170;10.211.225.169;unit-21;STIM1 R1B;stim1_r4d07;Ok;Cleared;Major;logport-3;port-3;"";Cleared;INOVA SOLUTION INFORMATICA LTDA;"";"";Up;8;24;1;8;21;3
SOC-A06-99 ;170;10.211.225.169;unit-21;STIM1 R1B;stim1_r4d07;Ok;Cleared;Major;logport-4;port-4;"";Cleared;Cliente:JORGE JACOB;Designador:SOC-301I5GV1F-032;"";Up;12;20;0;12;20;2
SOC-A06-99 ;170;10.211.225.169;unit-21;STIM1 R1B;stim1_r4d07;Ok;Cleared;Major;logport-5;port-5;"";Cleared;C M CAPITAL MARKETS;9935189;SOC-30S5RGFB-032;Up;10;22;1;10;20;2
SOC-A06-99 ;170;10.211.225.169;unit-21;STIM1 R1B;stim1_r4d07;Ok;Cleared;Major;logport-6;port-6;"";Cleared;FLAVIA_DE_LIMA;SOC-301J954V3-032;"";Up;9;23;1;10;21;3
SOC-A06-99 ;170;10.211.225.169;unit-21;STIM1 R1B;stim1_r4d07;Ok;Cleared;Major;logport-7;port-7;"";Cleared;CLIENTE_THERMIX TRATAMENTO;SOC-30VQ4CNV;"";Up;9;24;1;8;20;0
SOC-A06-99 ;170;10.211.225.169;unit-21;STIM1 R1B;stim1_r4d07;Ok;Cleared;Major;logport-8;port-8;"";Cleared;SEVENTEEN TECNOLOGIA EM INFORMATICA;W O 9768119;SOC-30R6MPK7-032;Up;9;23;1;8;20;3
SOC-A06-0 ;171;10.211.225.170;unit-21;STIM1 R1D;stim1_r4d07;Ok;Cleared;Major;logport-1;port-1;"";Major;BIOLABOR LABORATORIO DE ANALISES CLINICAS LTDA;SOC-30TNYXD0-032;"";Down;128;127;255;128;127;255
SOC-A06-0 ;171;10.211.225.170;unit-21;STIM1 R1D;stim1_r4d07;Ok;Cleared;Major;logport-2;port-2;"";Cleared;SISTEMA EDUCACIONAL SOROCABA LTDA;WO:10147975;SOC-30TDA4LY-032;Up;7;22;3;6;20;4
SOC-A06-0 ;171;10.211.225.170;unit-21;STIM1 R1D;stim1_r4d07;Ok;Cleared;Major;logport-3;port-3;"";Cleared;Cliente:IPANEMA;Designador:SOC-301B6GGMF-032;"";Up;14;20;0;14;20;1
SOC-A06-0 ;171;10.211.225.170;unit-21;STIM1 R1D;stim1_r4d07;Ok;Cleared;Major;logport-4;port-4;"";Cleared;Cliente:ADVOCACIA VALIO;Designador:SOC-301KB8XW7-032;"";Up;12;19;0;12;20;2
SOC-A06-0 ;171;10.211.225.170;unit-21;STIM1 R1D;stim1_r4d07;Ok;Cleared;Major;logport-5;port-5;"";Cleared;Cliente: SATURNOPESQUISAS;Designador: SOC-301KCRG0C-032;"";Up;10;22;1;10;20;2
SOC-A06-0 ;171;10.211.225.170;unit-21;STIM1 R1D;stim1_r4d07;Ok;Cleared;Major;logport-6;port-6;"";Cleared;Cliente: INOVA_SOLUTION;Designador: SOC-3013ZPSVM-032;"";Up;9;23;1;8;20;0
SOC-A06-0 ;171;10.211.225.170;unit-21;STIM1 R1D;stim1_r4d07;Ok;Cleared;Major;logport-7;port-7;"";Cleared;Cliente:CORREA RIBEIRO;Designador:SOC-301GJG5FZ-032;"";Up;8;24;2;8;21;4
SOC-A06-0 ;171;10.211.225.170;unit-21;STIM1 R1D;stim1_r4d07;Ok;Cleared;Major;logport-8;port-8;"";Cleared;Designador: SOC-30UJMPGF-032;Cliente: Incor_Centro;"";Up;8;23;1;8;21;3
SOC-A06-5 ;173;10.211.225.171;unit-18;STIM1 R1C;stim1_r4d07;Ok;Cleared;Major;logport-1;port-1;"";Cleared;ROSSI RESIDENCIAL;SOC-301DHY5MS;"";Up;11;21;0;12;21;2
SOC-A06-5 ;173;10.211.225.171;unit-18;STIM1 R1C;stim1_r4d07;Ok;Cleared;Major;logport-2;port-2;"";Cleared;AR DE SOUZA TECNOLOGIA E INFORMATICA;SOC-3015HTLTY;"";Up;9;24;1;10;20;3
SOC-A06-5 ;173;10.211.225.171;unit-18;STIM1 R1C;stim1_r4d07;Ok;Cleared;Major;logport-3;port-3;"";Cleared;AR DE SOUZA TECNOLOGIA E INFORMATICA;SOC-3015HTLV5-032;"";Up;9;23;1;10;21;3
SOC-A06-5 ;173;10.211.225.171;unit-18;STIM1 R1C;stim1_r4d07;Ok;Cleared;Major;logport-5;port-5;"";Cleared;CLI: CURUCA_CONSCIENCIA;DES: SOC-301JPGUKV-032;"";Up;13;22;0;12;20;1
SOC-A06-5 ;173;10.211.225.171;unit-18;STIM1 R1C;stim1_r4d07;Ok;Cleared;Major;logport-6;port-6;"";Cleared;Cliente:AMANDA BUZO PERSONAL;Designador:SOC-301KEH7MB-032;"";Up;11;21;0;12;20;0
SOC-A06-5 ;173;10.211.225.171;unit-18;STIM1 R1C;stim1_r4d07;Ok;Cleared;Major;logport-7;port-7;"";Major;Cliente:FX VIAGENS E TURISMO;Designador:SOC-301JJKD4B-032;"";Down;128;127;255;128;127;255
SOC-A06-5 ;173;10.211.225.171;unit-18;STIM1 R1C;stim1_r4d07;Ok;Cleared;Major;logport-8;port-8;"";Cleared;Cliente: OPCAO COMISSARIA;Designador: SOC-301GR5CX3-032;"";Up;8;22;1;8;21;3
SOC-A06-5 ;173;10.211.225.171;unit-21;STIM1 R1B;stim1_r4d07;Ok;Cleared;Minor;logport-1;port-1;"";Cleared;Cliente:GERBO ENGENHARIA;designador:SOC-3015I9V3I-032;"";Up;11;22;1;10;20;2
SOC-A06-5 ;173;10.211.225.171;unit-21;STIM1 R1B;stim1_r4d07;Ok;Cleared;Minor;logport-2;port-2;"";Cleared;CLI_BRINK_HOLDING;SOC-301KKKWC7-032;"";Up;8;24;2;8;21;0
SOC-A06-5 ;173;10.211.225.171;unit-21;STIM1 R1B;stim1_r4d07;Ok;Cleared;Minor;logport-3;port-3;"";Cleared;P  P PUBLICIDADE;Designador:SOC-3016ACINR-032;"";Up;8;23;1;8;21;3
SOC-A06-5 ;173;10.211.225.171;unit-21;STIM1 R1B;stim1_r4d07;Ok;Cleared;Minor;logport-4;port-4;"";Cleared;Cliente: RCA SISTEMAS DE SEGURAN?A;Designador:SOC-3017FSGZX-032;"";Up;7;24;2;6;21;4
SOC-A06-5 ;173;10.211.225.171;unit-21;STIM1 R1B;stim1_r4d07;Ok;Cleared;Minor;logport-5;port-5;"";Cleared;JHONSON CONTROLS;SOC-3018DTEMJ;"";Up;8;24;1;8;20;3
SOC-A06-5 ;173;10.211.225.171;unit-21;STIM1 R1B;stim1_r4d07;Ok;Cleared;Minor;logport-6;port-6;"";Cleared;Cliente:SOFTICA_INFORMATICA;Designador:SOC-301K87SAM-032;"";Up;13;22;0;12;20;1
SOC-A06-5 ;173;10.211.225.171;unit-21;STIM1 R1B;stim1_r4d07;Ok;Cleared;Minor;logport-7;port-7;"";Cleared;Cliente:UNICA SOROCABA;designador:SOC-3019O0PXF-032;"";Up;6;23;3;6;21;4
SOC-A06-5 ;173;10.211.225.171;unit-21;STIM1 R1B;stim1_r4d07;Ok;Cleared;Minor;logport-8;port-8;"";Cleared;Cliente:CAMARGO_ASSOCIADOS;Designador:SOC-301KDXNU8-032;"";Up;15;22;0;14;20;0
SOC-A07-0 ;174;10.211.225.173;unit-18;STIM1 R1C;stim1_r4d07;Ok;Cleared;Major;logport-1;port-1;"";Cleared;Cliente:AE PATRIMONIO CONSUL;Designador:SOC-301JMY0TR-032;"";Up;9;22;1;8;21;3
SOC-A07-0 ;174;10.211.225.173;unit-18;STIM1 R1C;stim1_r4d07;Ok;Cleared;Major;logport-2;port-2;"";Cleared;Designador:SOC-301IITK1Z-032;Designador:SOC-301IITK1Z-032;"";Up;8;23;2;8;21;4
SOC-A07-0 ;174;10.211.225.173;unit-18;STIM1 R1C;stim1_r4d07;Ok;Cleared;Major;logport-3;port-3;"";Major;Cliente:UP_GESTAO;Designador:SOC-301A1P9G-032;"";Down;128;127;255;128;127;255
SOC-A07-0 ;174;10.211.225.173;unit-18;STIM1 R1C;stim1_r4d07;Ok;Cleared;Major;logport-4;port-4;"";Cleared;Cliente:COLEGIO SALESIANO SA;Designador:SOC-301A40ZRF-032;"";Up;7;23;2;6;20;4
SOC-A07-0 ;174;10.211.225.173;unit-18;STIM1 R1C;stim1_r4d07;Ok;Cleared;Major;logport-5;port-5;"";Cleared;LANCAS AGENCIA DE VIAGENS E TURISMO LTDA;SOC-301016C4L-032;"";Up;8;21;1;8;20;3
SOC-A07-0 ;174;10.211.225.173;unit-18;STIM1 R1C;stim1_r4d07;Ok;Cleared;Major;logport-6;port-6;"";Major;"";"";"";Down;128;127;255;128;127;255
SOC-A07-0 ;174;10.211.225.173;unit-18;STIM1 R1C;stim1_r4d07;Ok;Cleared;Major;logport-8;port-8;"";Cleared;Cliente CENTRO CULTURAL BRAS;Desigandor:SOC-3015OPBT7-032;"";Up;8;22;1;8;21;3
SOC-A07-0 ;174;10.211.225.173;unit-21;STIM1 R1A;stim1_r4d07;Ok;Cleared;Major;logport-1;port-1;"";Cleared;CLI_CLINICA_DE_ALERGIA;SOC-301K6ETGB-032;"";Up;10;21;0;10;21;0
SOC-A07-0 ;174;10.211.225.173;unit-21;STIM1 R1A;stim1_r4d07;Ok;Cleared;Major;logport-2;port-2;"";Cleared;BIOLABOR LABORATORIO DE ANALISE CLINICAS LTDA;WO:10224245;SOC-30TSEOLD-032;Up;9;21;1;10;21;3
SOC-A07-0 ;174;10.211.225.173;unit-21;STIM1 R1A;stim1_r4d07;Ok;Cleared;Major;logport-3;port-3;"";Major;"";"";"";Down;128;127;255;128;127;255
SOC-A07-0 ;174;10.211.225.173;unit-21;STIM1 R1A;stim1_r4d07;Ok;Cleared;Major;logport-4;port-4;"";Major;"";"";"";Down;128;127;255;128;127;255
SOC-A07-0 ;174;10.211.225.173;unit-21;STIM1 R1A;stim1_r4d07;Ok;Cleared;Major;logport-5;port-5;"";Cleared;BUFO E SILVA CORRETORA SEGUROS;WO:10344611;SOC-30UF9JNX-032;Up;11;20;0;10;20;2
SOC-A07-0 ;174;10.211.225.173;unit-21;STIM1 R1A;stim1_r4d07;Ok;Cleared;Major;logport-6;port-6;"";Cleared;LANCAS AGENCIA DE TURISMO;WO-11326701;SOC-301016c61;Up;8;21;2;8;21;3
SOC-A07-0 ;174;10.211.225.173;unit-21;STIM1 R1A;stim1_r4d07;Ok;Cleared;Major;logport-7;port-7;"";Major;Cliente: GAT_LOCACAO;Designador: SOC-30Y5XOI3-032;"";Down;128;127;255;128;127;255
SOC-A07-0 ;174;10.211.225.173;unit-21;STIM1 R1A;stim1_r4d07;Ok;Cleared;Major;logport-8;port-8;"";Major;CLI_CLINICA_DE_ALERGIA;SOC-301K6ETGB-032;"";Down;128;127;255;128;127;255
SOC-A08-0 ;142;10.211.225.141;unit-21;STIM1 R1A;stim1_r4d07;Ok;Cleared;Major;logport-1;port-1;"";Cleared;WTUR HOTEIS E SIMILARES;WO 9635955;SOC-S0QGTYWY-032;Up;7;21;2;6;21;4
SOC-A08-0 ;142;10.211.225.141;unit-21;STIM1 R1A;stim1_r4d07;Ok;Cleared;Major;logport-2;port-2;"";Cleared;ARY PROEN?A NEGOCIOS IMOBILIARIOS LTDA;9896940;SOC-30RXR13A-032;Up;7;22;3;6;20;4
SOC-A08-0 ;142;10.211.225.141;unit-21;STIM1 R1A;stim1_r4d07;Ok;Cleared;Major;logport-3;port-3;"";Cleared;CARDIO CENTRO SOROCABA;WO 10008011;SOC-30SKYJVH-032;Up;8;21;2;8;20;3
SOC-A08-0 ;142;10.211.225.141;unit-21;STIM1 R1A;stim1_r4d07;Ok;Cleared;Major;logport-4;port-4;"";Cleared;Cliente:SOROFLEX COMERCIAL D;Designador:SOC-301BVWC5F-032;"";Up;5;21;4;4;21;5
SOC-A08-0 ;142;10.211.225.141;unit-21;STIM1 R1A;stim1_r4d07;Ok;Cleared;Major;logport-6;port-6;"";Cleared;Cliente:OFICINA_DA_PARMEGIAN;Designador:SOC-301KG10F0-032;"";Up;14;16;0;14;8;0
SOC-A08-0 ;142;10.211.225.141;unit-21;STIM1 R1A;stim1_r4d07;Ok;Cleared;Major;logport-7;port-7;"";Cleared;Cliente: DENTART ODONTOLOGIA;Designador: SOC-301KH5FIB-032;"";Up;7;22;2;8;21;0
SOC-A08-0 ;142;10.211.225.141;unit-21;STIM1 R1A;stim1_r4d07;Ok;Cleared;Major;logport-8;port-8;"";Cleared;Cliente: SYSTEM FARMA;Designador: SOC-301KHMN9G-032;"";Up;4;22;4;4;20;5
SOC-A09-0 ;22;10.211.225.21;unit-16;STIM1 R1B;stim1_r4d07;Ok;Cleared;Major;logport-1;port-1;"";Major;Cliente: FARMACIA ALTERNATIVA;Designador:SOC-3013MQBDB-032;"";Down;128;127;255;128;127;255
SOC-A09-0 ;22;10.211.225.21;unit-16;STIM1 R1B;stim1_r4d07;Ok;Cleared;Major;logport-2;port-2;"";Cleared;Cliente:SARAM_COMERCIO;Designador:SOC-301K83QW8-032;"";Up;6;23;3;6;21;0
SOC-A09-0 ;22;10.211.225.21;unit-16;STIM1 R1B;stim1_r4d07;Ok;Cleared;Major;logport-3;port-3;"";Cleared;Cliente: SINDICATO DOS EMPREGADOS;Designador: SOC-30X2IC2X-032;"";Up;7;24;2;8;21;4
SOC-A09-0 ;22;10.211.225.21;unit-16;STIM1 R1B;stim1_r4d07;Ok;Cleared;Major;logport-4;port-4;"";Cleared;Cliente:FIRST IDIOMAS SOROCA;Designador:SOC-3017ZKFV3-032;"";Up;5;23;3;6;21;4
SOC-A09-0 ;22;10.211.225.21;unit-16;STIM1 R1B;stim1_r4d07;Ok;Cleared;Major;logport-5;port-5;"";Major;"";"";"";Down;128;127;255;128;127;255
SOC-A09-0 ;22;10.211.225.21;unit-16;STIM1 R1B;stim1_r4d07;Ok;Cleared;Major;logport-6;port-6;"";Cleared;Cliente: SARAM COBRANCAS;Designador: SOC-301K2WCAG-032;"";Up;6;24;3;6;20;0
SOC-A09-0 ;22;10.211.225.21;unit-16;STIM1 R1B;stim1_r4d07;Ok;Cleared;Major;logport-7;port-7;"";Cleared;CLIENTE_KONSUTUR;SOC-301KAX7D4-032;"";Up;8;25;2;8;21;0
SOC-A09-0 ;22;10.211.225.21;unit-16;STIM1 R1B;stim1_r4d07;Ok;Cleared;Major;logport-8;port-8;"";Cleared;Cliente:CAMARGO_MOTOS;Designador:SOC-301KDW44N-032;"";Up;6;24;3;6;21;0
SOC-A09-0 ;22;10.211.225.21;unit-21;STIM1 R1A;stim1_r4d07;Ok;Cleared;Major;logport-1;port-1;"";Major;GRAN HOTEL ROYAL;WO - 9633126;SOC-30QG1W45-032;Down;128;127;255;128;127;255
SOC-A09-0 ;22;10.211.225.21;unit-21;STIM1 R1A;stim1_r4d07;Ok;Cleared;Major;logport-2;port-2;"";Cleared;TAQUARI CAL?ADOS;WO 9714892;SOC-30QVTJ59032;Up;4;22;4;4;20;0
SOC-A09-0 ;22;10.211.225.21;unit-21;STIM1 R1A;stim1_r4d07;Ok;Cleared;Major;logport-3;port-3;"";Cleared;"";"";"";Up;9;22;1;8;21;3
SOC-A09-0 ;22;10.211.225.21;unit-21;STIM1 R1A;stim1_r4d07;Ok;Cleared;Major;logport-4;port-4;"";Cleared;EDUARDO CARDOSO;SOC-301IVYEFJ-032;"";Up;2;22;4;2;21;6
SOC-A09-0 ;22;10.211.225.21;unit-21;STIM1 R1A;stim1_r4d07;Ok;Cleared;Major;logport-5;port-5;"";Cleared;Cliente: SINDICATO DOS EMPREGADOS;Designador: SOC-30X2IC2X-032;"";Down;128;127;255;128;127;255
SOC-A09-0 ;22;10.211.225.21;unit-21;STIM1 R1A;stim1_r4d07;Ok;Cleared;Major;logport-6;port-6;"";Major;Cliente: INDUSTRIA E COMERCIO;Designador: SOC-30ZD30WJ-032;"";Down;128;127;255;128;127;255
SOC-A09-0 ;22;10.211.225.21;unit-21;STIM1 R1A;stim1_r4d07;Ok;Cleared;Major;logport-7;port-7;"";Cleared;Cliente: TELAMAR;Designador: SOC-30ZDQW3E-032;"";Up;5;22;4;4;20;5
SOC-A09-0 ;22;10.211.225.21;unit-21;STIM1 R1A;stim1_r4d07;Ok;Cleared;Major;logport-8;port-8;"";Cleared;Cliente: CAMPOS E CAMPOS;Designador: SOC-3010SVROT-032;"";Up;6;22;3;6;20;4
SOC-A10-0 ;26;10.211.225.25;unit-16;STIM1 R1C;stim1_r4d07;Ok;Cleared;Major;logport-1;port-1;"";Major;Cliente: MSX SUPRIMENTOS;SOC-301H0IROI-032;"";Down;128;127;255;128;127;255
SOC-A10-0 ;26;10.211.225.25;unit-16;STIM1 R1C;stim1_r4d07;Ok;Cleared;Major;logport-3;port-3;"";Cleared;Cliente:INOVE PUBLICACOES;Designador:SOC-3010OWCC9-032;"";Up;2;23;5;2;20;6
SOC-A10-0 ;26;10.211.225.25;unit-16;STIM1 R1C;stim1_r4d07;Ok;Cleared;Major;logport-4;port-4;"";Major;ZETA MOVEIS PARA ESCRITORIO LTDA;SOC-301A6O18Z-032;"";Down;128;127;255;128;127;255
SOC-A10-0 ;26;10.211.225.25;unit-16;STIM1 R1C;stim1_r4d07;Ok;Cleared;Major;logport-5;port-5;"";Cleared;ZETA MOVEIS PARA ESCRITORIO LTDA;SOC-301A6O17N;"";Up;10;22;1;10;20;2
SOC-A10-0 ;26;10.211.225.25;unit-16;STIM1 R1C;stim1_r4d07;Ok;Cleared;Major;logport-6;port-6;"";Major;CLI_CPSERVICE;SOC-301JDBYC7-032;"";Down;128;127;255;128;127;255
SOC-A10-0 ;26;10.211.225.25;unit-16;STIM1 R1C;stim1_r4d07;Ok;Cleared;Major;logport-7;port-7;"";Major;Cliente: EMAXIMOVEL;Designador: SOC-301JQO24V-032;"";Down;128;127;255;128;127;255
SOC-A10-0 ;26;10.211.225.25;unit-16;STIM1 R1C;stim1_r4d07;Ok;Cleared;Major;logport-8;port-8;"";Cleared;Cliente: CAREXPRESS_COMERCIO;Designador: SOC-301HUQBRF-032;"";Up;4;24;4;4;21;5
SOC-A10-0 ;26;10.211.225.25;unit-21;STIM1 R1A;stim1_r4d07;Ok;Cleared;Major;logport-1;port-1;"";Cleared;CLIENTE_C S FERRAMENTAS;DESIGNADOR_SOC-301KANEFJ-032;"";Up;9;21;1;8;21;3
SOC-A10-0 ;26;10.211.225.25;unit-21;STIM1 R1A;stim1_r4d07;Ok;Cleared;Major;logport-2;port-2;"";Cleared;"";"";"";Up;10;20;1;10;20;3
SOC-A10-0 ;26;10.211.225.25;unit-21;STIM1 R1A;stim1_r4d07;Ok;Cleared;Major;logport-3;port-3;"";Cleared;"";"";"";Up;6;21;3;6;21;4
SOC-A10-0 ;26;10.211.225.25;unit-21;STIM1 R1A;stim1_r4d07;Ok;Cleared;Major;logport-4;port-4;"";Cleared;"";"";"";Up;3;22;5;2;21;6
SOC-A10-0 ;26;10.211.225.25;unit-21;STIM1 R1A;stim1_r4d07;Ok;Cleared;Major;logport-5;port-5;"";Major;"";"";"";Down;128;127;255;128;127;255
SOC-A10-0 ;26;10.211.225.25;unit-21;STIM1 R1A;stim1_r4d07;Ok;Cleared;Major;logport-6;port-6;"";Major;"";"";"";Down;128;127;255;128;127;255
SOC-A10-0 ;26;10.211.225.25;unit-21;STIM1 R1A;stim1_r4d07;Ok;Cleared;Major;logport-7;port-7;"";Cleared;"";"";"";Up;4;21;4;4;20;5
SOC-A10-0 ;26;10.211.225.25;unit-21;STIM1 R1A;stim1_r4d07;Ok;Cleared;Major;logport-8;port-8;"";Cleared;"";"";"";Up;7;21;2;8;21;4
SOC-A11-0 ;186;10.211.225.185;unit-16;STIM1 R1D;stim1_r4d07;Ok;Cleared;Cleared;logport-1;port-1;"";Cleared;Cliente:PINHEIRO MACHADO;Designador:SOC-301KIJZQ-032;"";Up;8;24;2;8;21;0
SOC-A11-0 ;186;10.211.225.185;unit-16;STIM1 R1D;stim1_r4d07;Ok;Cleared;Cleared;logport-2;port-2;"";Cleared;Cliente: CLINICA CENCI GUIMARAES;Designador: SOC-301KKON4Z-032;"";Up;3;23;4;4;21;0
SOC-A11-0 ;186;10.211.225.185;unit-18;STIM1 R1C;stim1_r4d07;Ok;Cleared;Major;logport-1;port-1;"";Major;3D ADMINISTRACAO DE IMOVEIS;SOC-301BYSFOH-032;"";Down;128;127;255;128;127;255
SOC-A11-0 ;186;10.211.225.185;unit-18;STIM1 R1C;stim1_r4d07;Ok;Cleared;Major;logport-2;port-2;"";Cleared;Cliente: ASSOCIACAO DOS PROFI;Designador: SOC-301JT1J53;"";Up;11;22;0;12;20;2
SOC-A11-0 ;186;10.211.225.185;unit-18;STIM1 R1C;stim1_r4d07;Ok;Cleared;Major;logport-3;port-3;"";Cleared;Cliente: JULIO CASAS;Designador: SOC-301KB6525;"";Up;6;24;2;6;21;4
SOC-A11-0 ;186;10.211.225.185;unit-18;STIM1 R1C;stim1_r4d07;Ok;Cleared;Major;logport-4;port-4;"";Cleared;Cliente:PORTAL_DA_INFANCIA;Designador:SOC-301KCM7I7-032;"";Up;10;23;1;10;21;0
SOC-A11-0 ;186;10.211.225.185;unit-18;STIM1 R1C;stim1_r4d07;Ok;Cleared;Major;logport-5;port-5;"";Cleared;Cliente:IOSAN_FORMENTO;Designador:SOC-30V8Z0TI;"";Up;4;21;4;4;18;0
SOC-A11-0 ;186;10.211.225.185;unit-18;STIM1 R1C;stim1_r4d07;Ok;Cleared;Major;logport-6;port-6;"";Major;LEARN_BUSINESS_SOC_301H5FFV3-032;"";"";Down;128;127;255;128;127;255
SOC-A11-0 ;186;10.211.225.185;unit-18;STIM1 R1C;stim1_r4d07;Ok;Cleared;Major;logport-7;port-7;"";Cleared;CLI: CASABELA_SOROCABA;DES: SOC-301JKUSNB-032;"";Up;6;22;3;6;20;4
SOC-A11-0 ;186;10.211.225.185;unit-18;STIM1 R1C;stim1_r4d07;Ok;Cleared;Major;logport-8;port-8;"";Cleared;Cliente: LA OFICINA RECURSOS;Designador: SOC-3014Y3Z5R-032;"";Up;3;22;5;2;20;5
SOC-A11-0 ;186;10.211.225.185;unit-21;STIM1 R1A;stim1_r4d07;Ok;Cleared;Cleared;logport-1;port-1;"";Cleared;"";"";"";Up;12;21;0;12;20;2
SOC-A11-0 ;186;10.211.225.185;unit-21;STIM1 R1A;stim1_r4d07;Ok;Cleared;Cleared;logport-2;port-2;"";Cleared;Nucleon Radio Terapia  e Fisica Medica L;W.O. 9713332;SOC-30QVMGQU-032;Up;4;22;4;4;21;5
SOC-A11-0 ;186;10.211.225.185;unit-21;STIM1 R1A;stim1_r4d07;Ok;Cleared;Cleared;logport-3;port-3;"";Cleared;Cliente: DEL_RIOS_CONTABILIDADE;Designador: SOC-30Y1Z6FT-032;"";Up;3;21;4;4;20;5
SOC-A11-0 ;186;10.211.225.185;unit-21;STIM1 R1A;stim1_r4d07;Ok;Cleared;Cleared;logport-4;port-4;"";Cleared;Cliente: UDS UNIDADE;Designador: SOC-3011LQ3HB-032;"";Up;4;22;3;4;21;5
SOC-A11-0 ;186;10.211.225.185;unit-21;STIM1 R1A;stim1_r4d07;Ok;Cleared;Cleared;logport-5;port-5;"";Cleared;ENG PRESS;SOC-3012GTJJV-032;"";Up;5;21;3;6;20;4
SOC-A11-0 ;186;10.211.225.185;unit-21;STIM1 R1A;stim1_r4d07;Ok;Cleared;Cleared;logport-6;port-6;"";Cleared;Cliente:JULIO CASAS;Designador:SOC-3014XZIYR-032;"";Up;6;21;3;6;21;4
SOC-A11-0 ;186;10.211.225.185;unit-21;STIM1 R1A;stim1_r4d07;Ok;Cleared;Cleared;logport-7;port-7;"";Cleared;SANAMED;Designador:SOC-30158PULM;"";Up;12;21;0;12;21;1
SOC-A11-0 ;186;10.211.225.185;unit-21;STIM1 R1A;stim1_r4d07;Ok;Cleared;Cleared;logport-8;port-8;"";Cleared;Cliente: CAIUAS CORRETORA;Designador: SOC-301KE994E-032;"";Up;10;20;1;10;21;3
SOC-A12-0 ;182;10.211.225.181;unit-16;STIM1 R1D;stim1_r4d07;Ok;Cleared;Major;logport-1;port-1;"";Major;"";"";"";Down;128;127;255;128;127;255
SOC-A12-0 ;182;10.211.225.181;unit-16;STIM1 R1D;stim1_r4d07;Ok;Cleared;Major;logport-3;port-3;"";Cleared;"";"";"";Up;5;23;3;4;21;5
SOC-A12-0 ;182;10.211.225.181;unit-16;STIM1 R1D;stim1_r4d07;Ok;Cleared;Major;logport-4;port-4;"";Cleared;ASSOCIA??O POLICIAL DE ASS. A SAUDE;SOC-301IJ93UPZ-032;"";Up;6;23;3;6;21;4
SOC-A12-0 ;182;10.211.225.181;unit-16;STIM1 R1D;stim1_r4d07;Ok;Cleared;Major;logport-5;port-5;"";Cleared;CLIENTE_JULIO CASAS;DESIGNADOR: SOC-301KB653A;"";Up;7;25;2;8;21;0
SOC-A12-0 ;182;10.211.225.181;unit-16;STIM1 R1D;stim1_r4d07;Ok;Cleared;Major;logport-6;port-6;"";Cleared;CLI_TOP_IMAGEM;SPO-301KE6H7J-032;"";Up;6;23;2;6;20;0
SOC-A12-0 ;182;10.211.225.181;unit-18;STIM1 R1C;stim1_r4d07;Ok;Cleared;Warning;logport-1;port-1;"";Cleared;Cliente:PAPELARIA DO PARQUE;Designador:SOC-3017WRNTA-032;"";Up;8;24;2;8;20;4
SOC-A12-0 ;182;10.211.225.181;unit-18;STIM1 R1C;stim1_r4d07;Ok;Cleared;Warning;logport-2;port-2;"";Cleared;CENTRO MEDICO IMAGEM;WO-10678196;SOC-30W9P57X-032;Up;8;21;2;8;20;3
SOC-A12-0 ;182;10.211.225.181;unit-18;STIM1 R1C;stim1_r4d07;Ok;Cleared;Warning;logport-3;port-3;"";Cleared;"";"";"";Up;4;22;4;4;21;5
SOC-A12-0 ;182;10.211.225.181;unit-18;STIM1 R1C;stim1_r4d07;Ok;Cleared;Warning;logport-4;port-4;"";Cleared;Cliente: PHITO_FORMULAS_VOZ;SOC-3015ME1FF-032;"";Up;7;23;3;6;21;4
SOC-A12-0 ;182;10.211.225.181;unit-18;STIM1 R1C;stim1_r4d07;Ok;Cleared;Warning;logport-5;port-5;"";Cleared;Cliente:PAPELARIA_DO_PARQUE;Designador:SOC-3017WRNRZ;"";Up;8;23;2;8;20;3
SOC-A12-0 ;182;10.211.225.181;unit-18;STIM1 R1C;stim1_r4d07;Ok;Cleared;Warning;logport-6;port-6;"";Cleared;INSTITUTO DE ORTOPEDIA;SOC-3013X729R-032;"";Up;5;22;4;4;21;5
SOC-A12-0 ;182;10.211.225.181;unit-18;STIM1 R1C;stim1_r4d07;Ok;Cleared;Warning;logport-7;port-7;"";Cleared;Cliente:SIND PROF TRAB EMP VIG SEG PRIV;Designador:SOC-301GPBZZJ-032;"";Up;4;23;4;4;21;5
SOC-A12-0 ;182;10.211.225.181;unit-18;STIM1 R1C;stim1_r4d07;Ok;Cleared;Warning;logport-8;port-8;"";Cleared;LINUS PAULING;SOC-3013CZP59-032;"";Up;6;24;3;6;21;4
SOC-A12-0 ;182;10.211.225.181;unit-21;STIM1 R1A;stim1_r4d07;Ok;Cleared;Cleared;logport-1;port-1;"";Cleared;Cliente:SOROLABOR COMERCIAL;Designador:SOC-3019MJBE9-032;"";Up;7;22;2;8;21;4
SOC-A12-0 ;182;10.211.225.181;unit-21;STIM1 R1A;stim1_r4d07;Ok;Cleared;Cleared;logport-2;port-2;"";Cleared;Cliente:WANLEJO MOTOS E ACES;Designador:SOC-301GA2B3J-032;"";Up;2;22;5;2;20;6
SOC-A12-0 ;182;10.211.225.181;unit-21;STIM1 R1A;stim1_r4d07;Ok;Cleared;Cleared;logport-3;port-3;"";Cleared;"";"";"";Up;6;22;2;6;21;4
SOC-A12-0 ;182;10.211.225.181;unit-21;STIM1 R1A;stim1_r4d07;Ok;Cleared;Cleared;logport-4;port-4;"";Cleared;LINUS PAULING MEDICINA DIAGNOSTICA LTDA;W.O. 9767255;SOC-30R62DGP-032;Up;6;22;3;6;21;4
SOC-A12-0 ;182;10.211.225.181;unit-21;STIM1 R1A;stim1_r4d07;Ok;Cleared;Cleared;logport-5;port-5;"";Cleared;HOSP. SAMARITANO;WO 9871928;SOC-30RR8ZMM;Up;8;21;2;8;21;3
SOC-A12-0 ;182;10.211.225.181;unit-21;STIM1 R1A;stim1_r4d07;Ok;Cleared;Cleared;logport-6;port-6;"";Cleared;QUALY SERVICOS TEMPORARIOS LTDA;WO:10242975;SOC-30TVDPZJ-03;Up;3;22;4;4;21;5
SOC-A12-0 ;182;10.211.225.181;unit-21;STIM1 R1A;stim1_r4d07;Ok;Cleared;Cleared;logport-7;port-7;"";Cleared;VIALUX ADMINISTRADORA DE CART?ES;WO-10392315;SOC-30UOYKK1-032;Up;8;20;2;8;20;3
SOC-A12-0 ;182;10.211.225.181;unit-21;STIM1 R1A;stim1_r4d07;Ok;Cleared;Cleared;logport-8;port-8;"";Cleared;Cliente: CENTRO MEDICO IMAGEM;Designador: SOC-30W9P56X;"";Up;6;21;3;6;20;4
SOC-A18-0 ;30;10.211.225.29;unit-21;STIM1 R1C;stim1_r4d07;Ok;Cleared;Major;logport-1;port-1;"";Cleared;EXCEL-COOPERATIVA DE CONSUMO;12809697;SOC-3018PCY3J-032;Up;4;23;4;4;21;5
SOC-A18-0 ;30;10.211.225.29;unit-21;STIM1 R1C;stim1_r4d07;Ok;Cleared;Major;logport-3;port-3;"";Major;Cliente: PEREIRA DA SILVA;Designador: SOC-301KFP713-032;"";Down;128;127;255;128;127;255
SOC-A19-0 ;194;10.211.225.193;unit-16;STIM1 R1D;stim1_r4d07;Ok;Cleared;Major;logport-1;port-1;"";Cleared;Cliente: J. R. M. NICOLA REPRESENTACOES COMERCIAIS;designador: SOC-301J8ENRZ-032;"";Up;14;23;0;14;20;1
SOC-A19-0 ;194;10.211.225.193;unit-16;STIM1 R1D;stim1_r4d07;Ok;Cleared;Major;logport-2;port-2;"";Cleared;Cliente:LIDER COMERCIO;Designador:SOC-301KCNV1M-032;"";Up;4;24;3;6;20;0
SOC-A19-0 ;194;10.211.225.193;unit-16;STIM1 R1D;stim1_r4d07;Ok;Cleared;Major;logport-4;port-4;"";Major;CLI_ASSOCICAO_DOS_EMPRE;RPO-301KLBFL3-032;"";Down;128;127;255;128;127;255
SOC-A19-0 ;194;10.211.225.193;unit-16;STIM1 R1D;stim1_r4d07;Ok;Cleared;Major;logport-7;port-7;"";Cleared;CLIENTE_CAFE_ELCESSIOR;DESIGNADOR_SOC-301KLLDAV-032;"";Up;16;10;0;16;2;0
SOC-A19-0 ;194;10.211.225.193;unit-16;STIM1 R1D;stim1_r4d07;Ok;Cleared;Major;logport-8;port-8;"";Cleared;"";"";"";Down;128;127;255;128;127;255
SOC-A19-0 ;194;10.211.225.193;unit-18;STIM1 R1C;stim1_r4d07;Ok;Cleared;Major;logport-1;port-1;"";Cleared;GLOBALAN?A;OS-10910804;SOC-30XM8Y6K-032;Up;4;21;3;4;20;4
SOC-A19-0 ;194;10.211.225.193;unit-18;STIM1 R1C;stim1_r4d07;Ok;Cleared;Major;logport-2;port-2;"";Cleared;Cliente: METALURGICA ERNANDES;Designador:SOC-3012B7R77-032;"";Up;13;22;0;12;20;1
SOC-A19-0 ;194;10.211.225.193;unit-18;STIM1 R1C;stim1_r4d07;Ok;Cleared;Major;logport-3;port-3;"";Cleared;"";"";"";Up;10;23;0;10;20;2
SOC-A19-0 ;194;10.211.225.193;unit-18;STIM1 R1C;stim1_r4d07;Ok;Cleared;Major;logport-4;port-4;"";Major;Cliente:NACIONAL-REI;Designador:SOC-3018YN6FD-032;"";Down;128;127;255;128;127;255
SOC-A19-0 ;194;10.211.225.193;unit-18;STIM1 R1C;stim1_r4d07;Ok;Cleared;Major;logport-5;port-5;"";Cleared;Cliente:MOTONET COMERCIO DE;Designador:SOC-301AK8QYS-032;"";Up;11;20;0;10;18;2
SOC-A19-0 ;194;10.211.225.193;unit-18;STIM1 R1C;stim1_r4d07;Ok;Cleared;Major;logport-6;port-6;"";Cleared;Cliente:JET BALBEK DISTRIBUI;Designador:SOC-301CHLVVI-032;"";Up;13;20;0;12;16;1
SOC-A19-0 ;194;10.211.225.193;unit-18;STIM1 R1C;stim1_r4d07;Ok;Cleared;Major;logport-7;port-7;"";Cleared;CL CASTRO BUENO RECURSOS HUMANOS LTDA;SOC-301D6CJ83-032;"";Up;4;22;4;4;20;5
SOC-A19-0 ;194;10.211.225.193;unit-18;STIM1 R1C;stim1_r4d07;Ok;Cleared;Major;logport-8;port-8;"";Cleared;Cliente: IRMANDADE DA SANTA C;Designador: SOC-301IIMO4Z-032;"";Up;7;23;2;8;21;3
SOC-A19-0 ;194;10.211.225.193;unit-21;STIM1 R1A;stim1_r4d07;Ok;Cleared;Major;logport-1;port-1;"";Cleared;PROAUTO PRODUTOS DE AUTOMA??O;WO 9406923;SOC-30P629SQ-032;Up;11;19;0;10;20;2
SOC-A19-0 ;194;10.211.225.193;unit-21;STIM1 R1A;stim1_r4d07;Ok;Cleared;Major;logport-2;port-2;"";Cleared;BAMAQ COMERCIO DE BALANCAS;WO 9617839;SOC-30QDBTMU-032;Up;5;20;3;4;20;5
SOC-A19-0 ;194;10.211.225.193;unit-21;STIM1 R1A;stim1_r4d07;Ok;Cleared;Major;logport-3;port-3;"";Major;VENDEDOR TELEMAXXSOR;WO:10350372;SOC-30UGVA7N-032;Down;128;127;255;128;127;255
SOC-A19-0 ;194;10.211.225.193;unit-21;STIM1 R1A;stim1_r4d07;Ok;Cleared;Major;logport-4;port-4;"";Cleared;Cliente: IRMANDADE DA SANTA CASA;Designador: SOC-30W6GTYW-032;"";Up;7;22;2;6;21;4
SOC-A19-0 ;194;10.211.225.193;unit-21;STIM1 R1A;stim1_r4d07;Ok;Cleared;Major;logport-5;port-5;"";Cleared;Cliente: IRMANDADE DA SANTA CASA;Designador: SOC-30W6GTGK-032;"";Up;7;22;3;6;21;4
SOC-A19-0 ;194;10.211.225.193;unit-21;STIM1 R1A;stim1_r4d07;Ok;Cleared;Major;logport-6;port-6;"";Cleared;Cliente: EDITORA CPA;Designador: SOC-301GOZ9CF-032;"";Up;3;22;5;2;21;6
SOC-A19-0 ;194;10.211.225.193;unit-21;STIM1 R1A;stim1_r4d07;Ok;Cleared;Major;logport-7;port-7;"";Cleared;Cliente: EDITORA CPA;Designador: SOC-301GOZ9TD;"";Up;2;22;5;2;21;6
SOC-A19-0 ;194;10.211.225.193;unit-21;STIM1 R1A;stim1_r4d07;Ok;Cleared;Major;logport-8;port-8;"";Cleared;Cliente:CARAMANTI FARMACIA DE MANIPULACAO;Designador:SOC-301GX37DJ-032;"";Up;5;21;3;6;20;4
SOC-A20-0 ;190;10.211.225.189;unit-21;STIM1 R1B;stim1_r4d07;Ok;Cleared;Major;logport-1;port-1;"";Cleared;Cliente:AE PATRIMONIO CONSUL;Designador:SOC-301JMQHLV-032;"";Up;4;24;4;4;21;5
SOC-A20-0 ;190;10.211.225.189;unit-21;STIM1 R1B;stim1_r4d07;Ok;Cleared;Major;logport-2;port-2;"";Cleared;"";"";"";Up;7;22;2;6;20;3
SOC-A20-0 ;190;10.211.225.189;unit-21;STIM1 R1B;stim1_r4d07;Ok;Cleared;Major;logport-3;port-3;"";Cleared;Cliente: CONSORCIO SOROCABA;Designador: SOC-301072TZ2;"";Up;10;22;0;10;20;2
SOC-A20-0 ;190;10.211.225.189;unit-21;STIM1 R1B;stim1_r4d07;Ok;Cleared;Major;logport-4;port-4;"";Major;Cliente: DOCTORS REMOCOES;Designador: SOC-3010YMKD7-032;"";Down;128;127;255;128;127;255
SOC-A20-0 ;190;10.211.225.189;unit-21;STIM1 R1B;stim1_r4d07;Ok;Cleared;Major;logport-6;port-6;"";Cleared;Cliente: PARQUE PAPELARIA;Designador: SOC-3017EVMFR;"";Up;2;23;6;2;21;6
SOC-A20-0 ;190;10.211.225.189;unit-21;STIM1 R1B;stim1_r4d07;Ok;Cleared;Major;logport-7;port-7;"";Cleared;Cliente: PARQUE PAPELARIA;Designador: SOC-3017EVMH2-032;"";Up;2;23;6;2;20;6
SOC-A20-0 ;190;10.211.225.189;unit-21;STIM1 R1B;stim1_r4d07;Ok;Cleared;Major;logport-8;port-8;"";Cleared;Cliente:DISTRIBUIDORA DE PRO;Designador:SOC-301HSH9EB-032;"";Up;9;21;1;8;21;3
SOC-A21-0 ;14;10.211.225.13;unit-18;STIM1 R1C;stim1_r4d07;Ok;Cleared;Major;logport-1;port-1;"";Major;SIDNEY DOS SANTOS CARDOSO EPP;DESIGNADOR: SOC-3019XKNVD-032;"";Down;128;127;255;128;127;255
SOC-A21-0 ;14;10.211.225.13;unit-18;STIM1 R1C;stim1_r4d07;Ok;Cleared;Major;logport-2;port-2;"";Cleared;Clientes:MARCIO FLORES;Designador:SOC-3012D8OW5-032;"";Up;3;23;5;4;21;5
SOC-A21-0 ;14;10.211.225.13;unit-18;STIM1 R1C;stim1_r4d07;Ok;Cleared;Major;logport-4;port-4;"";Cleared;PAPIRUS DISTRIBUIDORA;SOC-301KAB4CR-032;"";Up;8;22;2;8;20;0
SOC-A21-0 ;14;10.211.225.13;unit-18;STIM1 R1C;stim1_r4d07;Ok;Cleared;Major;logport-6;port-6;"";Cleared;CLIENTE_DEDESANE;DESIGNADOR_SOC-301J5X5SF-032;"";Up;8;24;2;8;21;0
SOC-A21-0 ;14;10.211.225.13;unit-21;STIM1 R1A;stim1_r4d07;Ok;Cleared;Cleared;logport-3;port-3;"";Cleared;CLIENTE: MC IMOVEIS;SOC-30Z3EC90;WO-11167800;Up;4;21;3;4;21;5
SOC-A21-0 ;14;10.211.225.13;unit-21;STIM1 R1A;stim1_r4d07;Ok;Cleared;Cleared;logport-4;port-4;"";Cleared;Cliente: MC_IMOVEIS;Designador: SOC-30Z3EC79-032;"";Up;4;21;3;4;21;5
SOC-A21-0 ;14;10.211.225.13;unit-21;STIM1 R1A;stim1_r4d07;Ok;Cleared;Cleared;logport-5;port-5;"";Cleared;Cliente: IMAR_EDUARDO;Designador: SOC-301229OTZ-032;"";Up;7;22;3;8;20;4
SOC-A21-0 ;14;10.211.225.13;unit-21;STIM1 R1A;stim1_r4d07;Ok;Cleared;Cleared;logport-6;port-6;"";Cleared;Cliente: FARMAMED;Designador:SOC-3012JJPQN;"";Up;6;21;3;6;20;4
SOC-A21-0 ;14;10.211.225.13;unit-21;STIM1 R1A;stim1_r4d07;Ok;Cleared;Cleared;logport-7;port-7;"";Cleared;Cliente: FARMAMED;Designador: SOC-3012JJOGA-032;"";Up;7;22;2;6;21;4
SOC-A21-0 ;14;10.211.225.13;unit-21;STIM1 R1A;stim1_r4d07;Ok;Cleared;Cleared;logport-8;port-8;"";Cleared;Cliente:AE PATRIMONIO CONSUL;Designador:SOC-3017EUYD1-032;"";Up;7;22;2;6;21;4
SOC-A22-0 ;10;10.211.225.9;unit-21;STIM1 R1A;stim1_r4d07;Ok;Cleared;Major;logport-1;port-1;"";Cleared;Escrit?rio Contabil SERCON Ltda;W.O 9569630;SOC-30Q40KCA-032;Up;10;22;0;10;21;2
SOC-A22-0 ;10;10.211.225.9;unit-21;STIM1 R1A;stim1_r4d07;Ok;Cleared;Major;logport-2;port-2;"";Cleared;Cliente:AGNALDO ROSA COMPRES;Designador:SOC-3019U7T97-032;"";Up;8;21;2;8;20;3
SOC-A22-0 ;10;10.211.225.9;unit-21;STIM1 R1A;stim1_r4d07;Ok;Cleared;Major;logport-3;port-3;"";Cleared;Cliente: VERITAS_ENTIDADE;Designador: SOC-301EFCNMY-032;"";Up;6;22;3;6;21;4
SOC-A22-0 ;10;10.211.225.9;unit-21;STIM1 R1A;stim1_r4d07;Ok;Cleared;Major;logport-4;port-4;"";Cleared;Cliente: VERITAS_ENTIDADE;Designador: SOC-301EFCNLV;"";Up;5;22;3;6;21;5
SOC-A22-0 ;10;10.211.225.9;unit-21;STIM1 R1A;stim1_r4d07;Ok;Cleared;Major;logport-6;port-6;"";Cleared;CLI_MYK-A_COMP;SOC-301KKOTXF-032;"";Up;8;21;0;8;21;0
SOC-A23-0 ;138;10.211.225.137;unit-16;STIM1 R1B;stim1_r4d07;Ok;Cleared;Major;logport-1;port-1;"";Cleared;CENTER PECAS FABBRI LTDA;SOC-3013QEYXY;"";Up;10;21;0;10;20;2
SOC-A23-0 ;138;10.211.225.137;unit-16;STIM1 R1B;stim1_r4d07;Ok;Cleared;Major;logport-2;port-2;"";Major;Cliente:EMERSON OLIVEIRA;Designador:SOC-3017HOPOW;"";Down;128;127;255;128;127;255
SOC-A23-0 ;138;10.211.225.137;unit-16;STIM1 R1B;stim1_r4d07;Ok;Cleared;Major;logport-3;port-3;"";Major;Cliente:EMERSON OLIVEIRA;Designador:SOC-3017HOPMV-032;"";Down;128;127;255;128;127;255
SOC-A23-0 ;138;10.211.225.137;unit-16;STIM1 R1B;stim1_r4d07;Ok;Cleared;Major;logport-4;port-4;"";Cleared;"";"";"";Up;9;23;1;8;20;3
SOC-A23-0 ;138;10.211.225.137;unit-16;STIM1 R1B;stim1_r4d07;Ok;Cleared;Major;logport-5;port-5;"";Cleared;Cliente: MARCELO GENTILE;Designador: SOC-301KKJMW6;"";Up;8;24;1;8;20;0
SOC-A23-0 ;138;10.211.225.137;unit-16;STIM1 R1B;stim1_r4d07;Ok;Cleared;Major;logport-6;port-6;"";Cleared;Cliente:PARQUE PAPELARIA;INET: 12625357;"";Up;9;21;1;10;20;2
SOC-A23-0 ;138;10.211.225.137;unit-16;STIM1 R1B;stim1_r4d07;Ok;Cleared;Major;logport-7;port-7;"";Cleared;Cliente:PARQUE PAPELARIA;Designador:SOC-3017JE53A-032;"";Up;10;21;0;10;20;2
SOC-A23-0 ;138;10.211.225.137;unit-16;STIM1 R1B;stim1_r4d07;Ok;Cleared;Major;logport-8;port-8;"";Cleared;"";"";"";Up;9;22;1;8;20;3
SOC-A23-0 ;138;10.211.225.137;unit-18;STIM1 R1C;stim1_r4d07;Ok;Cleared;Major;logport-1;port-1;"";Major;CENTRO CLINICO INTELIMED;SOC-301DU5IB7;"";Down;128;127;255;128;127;255
SOC-A23-0 ;138;10.211.225.137;unit-18;STIM1 R1C;stim1_r4d07;Ok;Cleared;Major;logport-2;port-2;"";Cleared;CENTRO CLINICO INTELIMED LTDA;SOC-301DU5IC7-032;"";Up;13;23;0;12;20;1
SOC-A23-0 ;138;10.211.225.137;unit-18;STIM1 R1C;stim1_r4d07;Ok;Cleared;Major;logport-3;port-3;"";Major;Cliente:PH CAMARGO DIAS SORO;Designador:SOC-301HALZDF-032;"";Down;128;127;255;128;127;255
SOC-A23-0 ;138;10.211.225.137;unit-18;STIM1 R1C;stim1_r4d07;Ok;Cleared;Major;logport-4;port-4;"";Cleared;Cliente:3D_ADMINISTRACAO;Designador:SOC-301BYSFOH-032;"";Up;8;23;1;8;21;0
SOC-A23-0 ;138;10.211.225.137;unit-18;STIM1 R1C;stim1_r4d07;Ok;Cleared;Major;logport-5;port-5;"";Cleared;Cliente: Marcelo Gentille;Designador: SOC-301KKZPMH-032;"";Up;9;23;2;8;8;0
SOC-A23-0 ;138;10.211.225.137;unit-18;STIM1 R1C;stim1_r4d07;Ok;Cleared;Major;logport-6;port-6;"";Cleared;Cliente: RGIS BRASIL;Designador: SOC-301K87XNZ;"";Up;6;23;3;6;20;0
SOC-A23-0 ;138;10.211.225.137;unit-18;STIM1 R1C;stim1_r4d07;Ok;Cleared;Major;logport-7;port-7;"";Cleared;Cliente:GILBERTO MIOTTI ARRIBAMAR;Designador:SOC-3013ZNJZ9-032;"";Up;6;22;3;6;21;4
SOC-A23-0 ;138;10.211.225.137;unit-18;STIM1 R1C;stim1_r4d07;Ok;Cleared;Major;logport-8;port-8;"";Cleared;Cliente:HOTEL TREVO PARA VEN;Designador:SOC-301H7KAWZ-032;"";Up;8;22;2;8;20;3
SOC-A23-0 ;138;10.211.225.137;unit-21;STIM1 R1A;stim1_r4d07;Ok;Cleared;Major;logport-1;port-1;"";Cleared;CENTER PE?AS FABBRI;WO:9940586;SOC-30S60J9Z-032;Up;10;20;0;10;21;2
SOC-A23-0 ;138;10.211.225.137;unit-21;STIM1 R1A;stim1_r4d07;Ok;Cleared;Major;logport-2;port-2;"";Cleared;Cliente: SPSYN PARTICIPACOES;Designador: SOC-30U71PAQ;OS: 10300519;Up;5;21;3;4;21;5
SOC-A23-0 ;138;10.211.225.137;unit-21;STIM1 R1A;stim1_r4d07;Ok;Cleared;Major;logport-3;port-3;"";Cleared;SIND. EMPREGADOS;SOC-3012HN5BM-032;"";Up;10;18;0;10;20;2
SOC-A23-0 ;138;10.211.225.137;unit-21;STIM1 R1A;stim1_r4d07;Ok;Cleared;Major;logport-4;port-4;"";Cleared;FARMAMED;SOC-3012GWLYT-032;"";Up;11;20;0;10;20;2
SOC-A23-0 ;138;10.211.225.137;unit-21;STIM1 R1A;stim1_r4d07;Ok;Cleared;Major;logport-5;port-5;"";Cleared;MARIO PIRES;SOC-3012G81SB-032;"";Up;10;22;0;10;20;2
SOC-A23-0 ;138;10.211.225.137;unit-21;STIM1 R1A;stim1_r4d07;Ok;Cleared;Major;logport-6;port-6;"";Cleared;SINDICATO DOS EMPREGADOS;"";"";Up;10;19;0;10;20;2
SOC-A23-0 ;138;10.211.225.137;unit-21;STIM1 R1A;stim1_r4d07;Ok;Cleared;Major;logport-8;port-8;"";Major;Cliente:SOROBASE ENGENHARIA;Designador:SOC-301C4YNWV-032;"";Down;128;127;255;128;127;255
SOC-A24-0 ;134;10.211.225.133;unit-21;STIM1 R1B;stim1_r4d07;Ok;Cleared;Major;logport-1;port-1;"";Cleared;DESIGNAODR_JET_AVIATION;DESIGNADOR_SOC-301E4DFR8-032;"";Up;9;23;1;8;20;3
SOC-A24-0 ;134;10.211.225.133;unit-21;STIM1 R1B;stim1_r4d07;Ok;Cleared;Major;logport-3;port-3;"";Cleared;Cliente: DASSAULT;Designador: SOC-301KELG8S-032;"";Up;8;22;2;8;21;4
SOC-A24-0 ;134;10.211.225.133;unit-21;STIM1 R1B;stim1_r4d07;Ok;Cleared;Major;logport-4;port-4;"";Cleared;Cliente: SCISOREX_SISTEMAS;Designador: SOC-3010GET19-032;"";Up;11;22;0;12;20;2
SOC-A24-0 ;134;10.211.225.133;unit-21;STIM1 R1B;stim1_r4d07;Ok;Cleared;Major;logport-5;port-5;"";Major;Cliente: GINO M VERNAGLIA ME;Designador: SOC-30161KLTK-032;"";Up;7;24;2;6;21;4
SOC-A25-6 ;133;10.211.225.132;unit-21;STIM1 R1C;stim1_r4d07;Ok;Cleared;Major;logport-2;port-2;"";Major;CONECTA COM INSTALACAO E REPAROS EM TELECOM;SOC-301EEZQL9-032;"";Down;128;127;255;128;127;255
SOC-A26-0 ;122;10.211.225.121;unit-21;STIM1 R1C;stim1_r4d07;Ok;Cleared;Major;logport-1;port-1;"";Cleared;Cliente:ALVES LIMA COMERCIO;Designador:SOC-301BO69WW-032;"";Up;8;24;2;8;21;0
SOC-A26-0 ;122;10.211.225.121;unit-21;STIM1 R1C;stim1_r4d07;Ok;Cleared;Major;logport-2;port-2;"";Cleared;Cliente:ALVES LIMA COMERCIO;Designador:SOC-301BO69VZ;"";Up;8;21;2;8;20;0
SOC-A26-0 ;122;10.211.225.121;unit-21;STIM1 R1C;stim1_r4d07;Ok;Cleared;Major;logport-3;port-3;"";Cleared;Cliente:REALBOX;Designador:SOC-301GP4Q0Z;"";Up;9;20;1;10;20;0
SOC-A26-0 ;122;10.211.225.121;unit-21;STIM1 R1C;stim1_r4d07;Ok;Cleared;Major;logport-6;port-6;"";Major;Cliente:BT LATAM;Designador:SOC-301GP4Q0Z;"";Up;10;19;1;10;20;2
SOC-A27-0 ;126;10.211.225.125;unit-21;STIM1 R1B;stim1_r4d07;Ok;Cleared;Cleared;logport-1;port-1;"";Cleared;Cliente:AUTO PECAS KA-VEM LT;Designador:SOC-3019MRQPQ-032;"";Up;9;23;1;10;20;3
SOC-A28-0 ;34;10.211.225.33;unit-18;STIM1 R1C;stim1_r4d07;Ok;Cleared;Major;logport-1;port-1;"";Major;PAPELARIA SPH;SOC-3017EV4GJ;"";Down;128;127;255;128;127;255
SOC-A28-0 ;34;10.211.225.33;unit-18;STIM1 R1C;stim1_r4d07;Ok;Cleared;Major;logport-2;port-2;"";Cleared;ASSECEX ASSESSORIA EM COMERCIO EXTERIOR E DESPACHOS LTDA;SOC-301DN2YFC-032;"";Up;5;22;4;4;21;5
SOC-A28-0 ;34;10.211.225.33;unit-18;STIM1 R1C;stim1_r4d07;Ok;Cleared;Major;logport-3;port-3;"";Cleared;PUBLICONSULT ASSESSORIA E CONSULTORIA PUBLICA LTDA;SOC-301DN72Y8-032;"";Up;6;23;3;6;20;4
SOC-A28-0 ;34;10.211.225.33;unit-18;STIM1 R1C;stim1_r4d07;Ok;Cleared;Major;logport-4;port-4;"";Cleared;Cliente: HOTEL_CHAMONIX;Designador: SOC-301J9UG1V-032;"";Up;11;23;0;10;21;2
SOC-A28-0 ;34;10.211.225.33;unit-18;STIM1 R1C;stim1_r4d07;Ok;Cleared;Major;logport-5;port-5;"";Cleared;CLI_ENAGIC_BRASIL;SOC-301JZX4D5-032;"";Up;5;23;3;6;21;5
SOC-A28-0 ;34;10.211.225.33;unit-18;STIM1 R1C;stim1_r4d07;Ok;Cleared;Major;logport-6;port-6;"";Cleared;Cliente:SANTA_CASA;Designador:SOC-301K83MHX-032;"";Up;4;21;3;4;20;0
SOC-A28-0 ;34;10.211.225.33;unit-18;STIM1 R1C;stim1_r4d07;Ok;Cleared;Major;logport-7;port-7;"";Cleared;Cliente:A_P_A_E_ASSOCIACAO;Designador:SOC-301KAM6RC-032;"";Up;8;24;1;8;21;0
SOC-A28-0 ;34;10.211.225.33;unit-21;STIM1 R1C;stim1_r4d07;Ok;Cleared;Major;logport-1;port-1;"";Cleared;COLEGIO DA ORGANIZA??O SANTA ROSALIA DE ENSINO;WO-10500140;SOC-30VB9YGX-032;Up;10;22;1;10;20;2
SOC-A28-0 ;34;10.211.225.33;unit-21;STIM1 R1C;stim1_r4d07;Ok;Cleared;Major;logport-2;port-2;"";Cleared;Cliente: ENGREFER CONSULTORIA;Designador: SOC-30VYQFMH-032;"";Up;8;24;2;8;21;3
SOC-A28-0 ;34;10.211.225.33;unit-21;STIM1 R1C;stim1_r4d07;Ok;Cleared;Major;logport-3;port-3;"";Cleared;Cliente: Radio Emissora Vanguarda;Designador:soc-301294k3l-032;"";Up;4;23;5;4;20;5
SOC-A28-0 ;34;10.211.225.33;unit-21;STIM1 R1C;stim1_r4d07;Ok;Cleared;Major;logport-6;port-6;"";Cleared;Cliente: AE PATRIMONIO;Designador: SOC-3017F2ZCB-032;"";Up;4;24;4;4;21;4
SOC-A28-0 ;34;10.211.225.33;unit-21;STIM1 R1C;stim1_r4d07;Ok;Cleared;Major;logport-7;port-7;"";Major;Cliente:PAPELARIA SPH;Designador:SOC-3017EV4HU-032;"";Down;128;127;255;128;127;255
SOC-A28-0 ;34;10.211.225.33;unit-21;STIM1 R1C;stim1_r4d07;Ok;Cleared;Major;logport-8;port-8;"";Major;Cliente:AUTO NAUTICA VEICULO;Designador:SOC-3017B20VZ;"";Down;128;127;255;128;127;255
SOC-A29-0 ;6;10.211.225.5;unit-21;STIM1 R1A;stim1_r4d07;Ok;Cleared;Warning;logport-2;port-2;"";Cleared;"";"";"";Up;7;22;2;8;21;4
SOC-A29-0 ;6;10.211.225.5;unit-21;STIM1 R1A;stim1_r4d07;Ok;Cleared;Warning;logport-3;port-3;"";Cleared;Cliente:INDUSTRIA MECANICA U;Designador:SOC-3012Q7KY6-032;"";Up;6;22;3;6;20;4
SOC-A29-0 ;6;10.211.225.5;unit-21;STIM1 R1A;stim1_r4d07;Ok;Cleared;Warning;logport-4;port-4;"";Cleared;Cliente:INDUSTRIA MECANICA U;Designador:SOC-3012Q7KX3-;"";Up;6;21;3;6;20;4
SOC-A29-0 ;6;10.211.225.5;unit-21;STIM1 R1A;stim1_r4d07;Ok;Cleared;Warning;logport-5;port-5;"";Cleared;Cliente:VCW VALVULAS COMERCI;Designador:SOC-301B9XFJH-032;"";Up;5;22;3;6;21;4
SOC-A29-0 ;6;10.211.225.5;unit-21;STIM1 R1A;stim1_r4d07;Ok;Cleared;Warning;logport-6;port-6;"";Cleared;Cliente: DETECT AUTOMACAO;Designador: SOC-301K3M5J7-032;"";Up;4;22;4;4;21;5
SOC-A30-0 ;2;10.211.225.1;unit-16;STIM1 R1D;stim1_r4d07;Ok;Cleared;Cleared;logport-1;port-1;"";Cleared;Cliente: META AUTOMACAO INDUSTRIA E COMERCIO;Designador: SOC-301JC6W0Q;"";Up;10;22;1;10;21;3
SOC-A30-0 ;2;10.211.225.1;unit-16;STIM1 R1D;stim1_r4d07;Ok;Cleared;Cleared;logport-2;port-2;"";Cleared;Cliente: META AUTOMACAO INDUSTRIA E COMERCIO;Designador: SOC-301JC6W1S-032;"";Up;10;21;1;10;20;3
SOC-A30-0 ;2;10.211.225.1;unit-16;STIM1 R1D;stim1_r4d07;Ok;Cleared;Cleared;logport-3;port-3;"";Cleared;Cliente:ENGISTREL;Designador:SOC-301EOOE9B-032;"";Up;7;23;2;6;20;0
SOC-A30-0 ;2;10.211.225.1;unit-16;STIM1 R1D;stim1_r4d07;Ok;Cleared;Cleared;logport-5;port-5;"";Cleared;INDPARTS;SOC-301JOSA0F;"";Up;5;21;4;4;20;5
SOC-A30-0 ;2;10.211.225.1;unit-16;STIM1 R1D;stim1_r4d07;Ok;Cleared;Cleared;logport-6;port-6;"";Cleared;Cliente:ZERUST;Designador:SOC-301JW32KZ-032;"";Up;9;23;1;10;20;3
SOC-A30-0 ;2;10.211.225.1;unit-16;STIM1 R1D;stim1_r4d07;Ok;Cleared;Cleared;logport-7;port-7;"";Cleared;Cliente: J2INDUSTRIA;Designador: SOC-301K2WUF7-032;"";Up;8;23;2;8;21;4
SOC-A30-0 ;2;10.211.225.1;unit-16;STIM1 R1D;stim1_r4d07;Ok;Cleared;Cleared;logport-8;port-8;"";Cleared;CLIENTE: EVERTON CRUZ;DESIGNADOR: SOC-301KJAUP7-032;"";Up;6;23;3;6;21;0
SOC-A30-0 ;2;10.211.225.1;unit-18;STIM1 R1A;stim1_r4d07;Ok;Cleared;Cleared;logport-1;port-1;"";Cleared;ISI AUTOMA??O;SOC-3017E8BYY-032;"";Up;11;18;0;12;20;2
SOC-A30-0 ;2;10.211.225.1;unit-18;STIM1 R1A;stim1_r4d07;Ok;Cleared;Cleared;logport-2;port-2;"";Cleared;Cliente:THOR TRANSPORTES DE;Designador:SOC-3019IG4JX-032;"";Up;7;21;3;6;21;4
SOC-A30-0 ;2;10.211.225.1;unit-18;STIM1 R1A;stim1_r4d07;Ok;Cleared;Cleared;logport-3;port-3;"";Cleared;Cliente:SEICOM MATERIAIS P;Designador:SOC-301IQZGX3;"";Up;7;19;2;8;18;4
SOC-A30-0 ;2;10.211.225.1;unit-18;STIM1 R1A;stim1_r4d07;Ok;Cleared;Cleared;logport-4;port-4;"";Cleared;Cliente: WOOPPI_SOFTWARE_E_TE;Designador: SOC-301IRKTZ7-032;"";Up;7;21;2;6;21;4
SOC-A30-0 ;2;10.211.225.1;unit-18;STIM1 R1A;stim1_r4d07;Ok;Cleared;Cleared;logport-5;port-5;"";Cleared;SILMAG BRASIL-VOZ;SOC-301IPNSA5-032;"";Up;10;18;0;10;18;2
SOC-A30-0 ;2;10.211.225.1;unit-18;STIM1 R1A;stim1_r4d07;Ok;Cleared;Cleared;logport-6;port-6;"";Cleared;Cliente:SEICOM MATERIAIS P;Designador:SOC-301IQZGYE-032;"";Up;7;21;2;8;21;4
SOC-A30-0 ;2;10.211.225.1;unit-18;STIM1 R1A;stim1_r4d07;Ok;Cleared;Cleared;logport-7;port-7;"";Cleared;Cliente: BS TOYS;Designador: SOC-301IT0KV3-032;"";Up;4;21;4;4;20;5
SOC-A30-0 ;2;10.211.225.1;unit-18;STIM1 R1A;stim1_r4d07;Ok;Cleared;Cleared;logport-8;port-8;"";Cleared;Cliente:IMPACTO DISTRIBUIDOR;Designador:SOC-301IIMAZ4-032;"";Up;6;21;2;8;21;4
SOC-A30-0 ;2;10.211.225.1;unit-21;STIM1 R1A;stim1_r4d07;Ok;Cleared;Major;logport-1;port-1;"";Cleared;ROLWILSON ROLAMENTOS;WO 9406754;SOC-P6ODZ5-032;Up;8;21;2;8;20;3
SOC-A30-0 ;2;10.211.225.1;unit-21;STIM1 R1A;stim1_r4d07;Ok;Cleared;Major;logport-2;port-2;"";Cleared;PRIMER TOOLS INDUSTRIA;WO 9630835;SOC-S0QFZ9D-032;Up;6;21;3;6;20;4
SOC-A30-0 ;2;10.211.225.1;unit-21;STIM1 R1A;stim1_r4d07;Ok;Cleared;Major;logport-3;port-3;"";Cleared;AGILE SOLUCOES EM PE?AS;WO 9445050;SOC-30PDST2M-032;Up;11;19;0;10;20;2
SOC-A30-0 ;2;10.211.225.1;unit-21;STIM1 R1A;stim1_r4d07;Ok;Cleared;Major;logport-4;port-4;"";Cleared;SAT SISTEMAS DE AUTOMACAO E TECNOLOGIA;W.O 9767983;SOC-30R6M8R6-032;Up;7;21;2;6;20;4
SOC-A30-0 ;2;10.211.225.1;unit-21;STIM1 R1A;stim1_r4d07;Ok;Cleared;Major;logport-5;port-5;"";Cleared;SOC-3017E8BXN;"";"";Up;11;18;0;12;20;2
SOC-A30-0 ;2;10.211.225.1;unit-21;STIM1 R1A;stim1_r4d07;Ok;Cleared;Major;logport-6;port-6;"";Cleared;"";"";"";Up;10;19;0;10;18;2
SOC-A30-0 ;2;10.211.225.1;unit-21;STIM1 R1A;stim1_r4d07;Ok;Cleared;Major;logport-7;port-7;"";Major;Cliente: SUVELIM_COMERCIO;Designador: SOC-30Y9LNOV-032;"";Down;128;127;255;128;127;255
SOC-A30-0 ;2;10.211.225.1;unit-21;STIM1 R1A;stim1_r4d07;Ok;Cleared;Major;logport-8;port-8;"";Major;PERFIL ALUMINIO;WO 10017015;SOC-30SN59Z8-032;Down;128;127;255;128;127;255
SOC-A31-0 ;206;10.211.225.205;unit-21;STIM1 R1C;stim1_r4d07;Ok;Cleared;Major;logport-1;port-1;"";Cleared;TEBROEK INDUSTRIA E COMERCIO;OS10974337;SOC-30XY8P07-032;Up;10;21;0;10;21;2
SOC-A31-0 ;206;10.211.225.205;unit-21;STIM1 R1C;stim1_r4d07;Ok;Cleared;Major;logport-2;port-2;"";Cleared;Cliente: REAFLEX_PRODUTOS;Designador: SOC-3010YP9QN-032;"";Up;12;21;0;12;20;2
SOC-A31-0 ;206;10.211.225.205;unit-21;STIM1 R1C;stim1_r4d07;Ok;Cleared;Major;logport-4;port-4;"";Cleared;Cliente:UG COMERCIO;Designador:SOC-301H3B2K3-032;"";Up;12;20;0;12;20;1
SOC-A31-0 ;206;10.211.225.205;unit-21;STIM1 R1C;stim1_r4d07;Ok;Cleared;Major;logport-5;port-5;"";Cleared;CLIENTE_CARMO_E_SOZA;DESIGNADOR_SOC-301KLA4AB-032;"";Up;10;23;0;10;21;0
SOC-A32-0 ;210;10.211.225.209;unit-21;STIM1 R1D;stim1_r4d07;Ok;Cleared;Cleared;logport-1;port-1;"";Cleared;Cliente: OBJETIVA;Designador:SOC-301HL55U3-032;"";Up;10;23;1;10;20;2
SOC-A33-0 ;202;10.211.225.201;unit-21;STIM1 R1C;stim1_r4d07;Ok;Cleared;Major;logport-2;port-2;"";Cleared;Cliente: COM_FLUMINHAN;"";Designador:SOC-30110Y019-032;Up;7;23;2;8;21;4
SOC-A33-0 ;202;10.211.225.201;unit-21;STIM1 R1C;stim1_r4d07;Ok;Cleared;Major;logport-3;port-3;"";Major;Cliente: BOMBAS_PAULO;Designador: SOC-301345SH0-032;"";Down;128;127;255;128;127;255
SOC-A33-0 ;202;10.211.225.201;unit-21;STIM1 R1C;stim1_r4d07;Ok;Cleared;Major;logport-4;port-4;"";Major;Cliente:REDE BOM LUGAR ASSOC;Designador:SOC-30189H3IT;"";Down;128;127;255;128;127;255
SOC-A33-0 ;202;10.211.225.201;unit-21;STIM1 R1C;stim1_r4d07;Ok;Cleared;Major;logport-5;port-5;"";Cleared;Cliente:REDE_BOM;Designador:SOC-30189H3K2-032;"";Up;10;22;0;10;20;0
SOC-A33-0 ;202;10.211.225.201;unit-21;STIM1 R1C;stim1_r4d07;Ok;Cleared;Major;logport-6;port-6;"";Cleared;Cliente:FLASH IND COM DE PRO;Designador:SOC-301BHO242-032;"";Up;10;21;1;10;16;3
SOC-A33-0 ;202;10.211.225.201;unit-21;STIM1 R1C;stim1_r4d07;Ok;Cleared;Major;logport-8;port-8;"";Major;Cliente:AASOCIACAO BRASILEIR;Designador:SOC-301K9LMV2-032;"";Down;128;127;255;128;127;255
SOC-A34-4 ;223;10.211.225.222;unit-21;STIM1 R1C;stim1_r4d07;Ok;Cleared;Cleared;logport-1;port-1;"";Cleared;MIGUEL NAVARRO NETO ME;SOC-3018JJVPJ-032;"";Up;2;23;6;2;20;6
SOC-A37 ;69;10.211.225.68;unit-21;STIM1 R1D;stim1_r4d07;Ok;Cleared;Cleared;logport-1;port-1;"";Cleared;Cliente: WINNIE DIESEL;Designador: SOC-3019U9AVR-032;"";Up;4;22;4;4;20;5
SOC-A37 ;69;10.211.225.68;unit-21;STIM1 R1D;stim1_r4d07;Ok;Cleared;Cleared;logport-2;port-2;"";Cleared;Cliente: ELIZABETE MAYUME NEMOTO;designador: SOC-30QI7VTX-032;"";Up;5;24;3;6;20;4
SOC-A38-4 ;235;10.211.225.242;unit-21;STIM1 R1B;stim1_r4d07;Ok;Cleared;Cleared;logport-1;port-1;"";Cleared;SERVI?OS CONTABEIS;"";"";Up;9;22;1;8;21;3
SOC-A38-4 ;235;10.211.225.242;unit-21;STIM1 R1B;stim1_r4d07;Ok;Cleared;Cleared;logport-2;port-2;"";Cleared;SERVI?OS CONTABEIS;OS 11988567;SOC-3013XYZYR;Up;8;24;2;8;20;3
SOC-A39-4 ;43;10.211.225.42;unit-21;STIM1 R1D;stim1_r4d07;Ok;Cleared;Cleared;logport-1;port-1;"";Cleared;ALUMISOFT INSTALACOES LTDA EPP;SOC-301KB9250-032;"";Up;8;24;1;8;21;0
SOC-A40-4 ;446;10.211.225.246;unit-21;STIM1 R1C;stim1_r4d07;Ok;Cleared;Cleared;logport-1;port-1;"";Cleared;"";"";"";Up;4;23;4;4;21;5
SOC-A44-1 ;19;10.211.225.18;unit-21;STIM1 R1C;stim1_r4d07;Ok;Cleared;Major;logport-1;port-1;"";Cleared;CSA INDUSTRIA E COMERCIO;SOC-3018KOONF-032;"";Up;3;23;5;2;21;6
SOC-A44-1 ;19;10.211.225.18;unit-21;STIM1 R1C;stim1_r4d07;Ok;Cleared;Major;logport-2;port-2;"";Major;ENGINSTREL;SOC-301EOOE9B-032;"";Down;128;127;255;128;127;255
SOC-A44-1 ;19;10.211.225.18;unit-21;STIM1 R1C;stim1_r4d07;Ok;Cleared;Major;logport-3;port-3;"";Major;"";"";"";Down;128;127;255;128;127;255
SOC-A44-1 ;19;10.211.225.18;unit-21;STIM1 R1C;stim1_r4d07;Ok;Cleared;Major;logport-5;port-5;"";Cleared;MERENGE;SOC-301IUPRN3-032;"";Up;11;23;0;10;20;2
SOC-A44-1 ;19;10.211.225.18;unit-21;STIM1 R1C;stim1_r4d07;Ok;Cleared;Major;logport-6;port-6;"";Cleared;Cliente: PERMUTA_DIGITAL;Designador: SOC-301J6I64J-032;"";Up;10;24;0;10;21;2
SOC-A44-1 ;19;10.211.225.18;unit-21;STIM1 R1C;stim1_r4d07;Ok;Cleared;Major;logport-8;port-8;"";Major;Cliente:FLIR_SYSTEMAS;Designador:SOC-301KJL457-032;"";Down;128;127;255;128;127;255
SOC-A50-1 ;231;10.211.225.230;unit-21;STIM1 R1C;stim1_r4d07;Ok;Cleared;Major;logport-1;port-1;"";Cleared;IRENE FISCHER TENORIO;SOC-3018RLTO7-032;"";Up;11;21;0;10;18;2
SOC-A50-1 ;231;10.211.225.230;unit-21;STIM1 R1C;stim1_r4d07;Ok;Cleared;Major;logport-2;port-2;"";Major;"";"";"";Down;128;127;255;128;127;255
SOC-A50-1 ;231;10.211.225.230;unit-21;STIM1 R1C;stim1_r4d07;Ok;Cleared;Major;logport-3;port-3;"";Cleared;Cliente:SUPERMERCADO TL CONTI;Designador:SOC-3018XZZA2-032;"";Up;13;22;0;12;18;2
SOC-A50-1 ;231;10.211.225.230;unit-21;STIM1 R1C;stim1_r4d07;Ok;Cleared;Major;logport-4;port-4;"";Cleared;cliente: ASSOCIA??O EDUCACIONAL;Designador:SOC-301B74CT3-032;"";Up;5;23;3;6;21;4
SOC-A50-1 ;231;10.211.225.230;unit-21;STIM1 R1C;stim1_r4d07;Ok;Cleared;Major;logport-7;port-7;"";Cleared;"";"";"";Up;14;20;0;14;20;1
SOC-A50-1 ;231;10.211.225.230;unit-21;STIM1 R1C;stim1_r4d07;Ok;Cleared;Major;logport-8;port-8;"";Cleared;Cliente:POLLO;Designador:SOC-301I6B51D-032;"";Up;14;22;0;14;20;1
